,ts,src_ip,dst_ip,src_port,dst_port,proto,service,duration,src_bytes,dst_bytes,missed_bytes,src_packets,dst_packets
0,1588205199.82437,10.0.1.6,10.0.0.4,54243,53,udp,dns,0.001528024673461914,39,55,0,1,1
1,1588205199.827696,10.0.1.6,10.0.0.4,56880,445,tcp,"gssapi,smb,krb",10.761076927185059,4020,1681,0,12,11
2,1588205279.953876,10.0.1.6,10.0.0.4,65108,53,udp,dns,0.0015990734100341797,36,104,0,1,1
3,1588205323.385543,10.0.1.6,10.0.1.255,138,138,udp,NaN,NaN,NaN,NaN,0,1,0
4,1588205390.833714,10.0.1.6,10.0.0.4,123,123,udp,NaN,0.0030689239501953125,120,120,0,1,1
5,1588205723.303168,10.0.1.6,10.0.0.4,54192,53,udp,dns,0.001271963119506836,35,51,0,1,1
6,1588205880.051921,10.0.1.6,10.0.0.4,56542,53,udp,dns,0.0012230873107910156,36,104,0,1,1
7,1588206048.982423,10.0.1.6,10.0.0.4,56956,389,tcp,NaN,0.3697969913482666,2180,515,0,8,8
8,1588206048.840759,10.0.1.6,10.0.0.4,56955,389,tcp,NaN,0.5158419609069824,2991,4544,0,13,11
9,1588206048.591635,10.0.1.6,10.0.0.4,56953,135,tcp,dce_rpc,14.712318897247314,328,280,0,7,6
10,1588206048.59429,10.0.1.6,10.0.0.4,56954,49667,tcp,dce_rpc,34.737389087677,2799,1098,0,10,10
11,1588206040.945113,10.0.1.6,10.0.1.255,138,138,udp,NaN,NaN,NaN,NaN,0,1,0
12,1588206048.481595,10.0.1.6,10.0.0.4,56543,389,udp,NaN,0.001071929931640625,203,174,0,1,1
13,1588206048.870904,10.0.1.6,10.0.0.4,56545,389,udp,NaN,0.001207113265991211,202,174,0,1,1
14,1588206049.291189,10.0.1.6,10.0.0.4,56957,445,tcp,"gssapi,smb,krb",183.00438499450684,15652,12520,0,71,70
15,1588206414.926762,10.0.1.6,10.0.0.4,123,123,udp,NaN,0.0019829273223876953,120,120,0,1,1
16,1588206480.101581,10.0.1.6,10.0.0.4,56622,53,udp,dns,0.0018889904022216797,36,104,0,1,1
17,1588206763.425808,10.0.1.6,10.0.0.4,64909,53,udp,dns,0.002293109893798828,47,165,0,1,1
18,1588206809.274476,10.0.1.4,10.0.1.6,60775,5985,tcp,NaN,0.011584043502807617,4719,426,0,9,6
19,1588206808.214094,10.0.1.4,10.0.1.6,60774,5985,tcp,NaN,1.0738060474395752,16130,6585,0,22,14
20,1588206807.77218,10.0.1.4,10.0.1.6,60772,5985,tcp,NaN,1.519392967224121,11473,7014,0,20,12
21,1588206806.283442,10.0.1.4,10.0.1.6,60771,5985,tcp,NaN,3.0103399753570557,24430,13628,0,27,16
22,1588206763.90258,10.0.1.6,10.0.1.255,138,138,udp,NaN,NaN,NaN,NaN,0,1,0
23,1588206823.656936,10.0.1.6,10.0.0.4,56837,53,udp,dns,4.11504602432251,164,261,0,4,1
24,1588206894.195274,10.0.1.6,10.0.0.4,57027,389,tcp,NaN,0.0035037994384765625,158,386,0,5,4
25,1588206894.199245,10.0.1.6,10.0.0.4,57028,389,tcp,NaN,0.009999990463256836,2351,6019,0,9,8
26,1588206894.209659,10.0.1.6,10.0.0.4,57029,389,tcp,NaN,0.3798689842224121,7233,16107,0,22,24
27,1588206891.727231,10.0.1.6,10.0.0.4,58829,53,udp,dns,0.0013799667358398438,90,158,0,1,1
28,1588206891.729114,10.0.1.6,10.0.0.4,52350,53,udp,dns,0.0018558502197265625,59,127,0,1,1
29,1588206891.731235,10.0.1.6,10.0.1.255,137,137,udp,dns,1.5173280239105225,150,0,0,3,0
30,1588206894.285716,10.0.1.6,10.0.0.4,64562,53,udp,dns,0.0012049674987792969,53,110,0,1,1
31,1588206894.130204,10.0.1.6,10.0.0.4,57026,445,tcp,"gssapi,smb,krb,dce_rpc",10.736752986907959,20809,16305,0,126,125
32,1588206894.115837,10.0.1.6,10.0.0.4,57024,135,tcp,dce_rpc,12.411231994628906,328,280,0,7,6
33,1588206894.120412,10.0.1.6,10.0.0.4,57025,49667,tcp,dce_rpc,12.40674090385437,462,472,0,7,6
34,1588206926.038794,10.0.1.4,10.0.1.6,60807,445,tcp,"gssapi,smb,krb",10.308274984359741,527368,1617,297780,31,25
35,1588206925.606391,10.0.1.4,10.0.1.6,60803,445,tcp,gssapi,10.740680932998657,4261160,3871,1673240,276,81
36,1588206926.036974,10.0.1.4,10.0.1.6,60805,445,tcp,"gssapi,smb,krb",10.310121059417725,2084,947,0,8,5
37,1588206926.037337,10.0.1.4,10.0.1.6,60806,445,tcp,"gssapi,smb,krb",10.30993390083313,527300,1619,60974,61,25
38,1588206894.007923,10.0.1.6,10.0.0.4,52351,389,udp,NaN,0.0013880729675292969,246,174,0,1,1
39,1588206894.287531,10.0.1.6,10.0.0.4,64563,389,udp,NaN,0.0010561943054199219,203,174,0,1,1
40,1588206977.869289,10.0.1.4,10.0.1.6,60816,55121,tcp,NaN,3.00325608253479,0,0,0,3,0
41,1588206984.874815,10.0.1.4,10.0.1.6,60816,55121,tcp,NaN,NaN,NaN,NaN,0,1,0
42,1588206992.883645,10.0.1.4,10.0.1.6,60816,55121,tcp,NaN,NaN,NaN,NaN,0,1,0
43,1588206990.33993,10.0.1.6,10.0.0.4,64173,53,udp,dns,0.0013010501861572266,35,51,0,1,1
44,1588206998.94158,10.0.1.6,10.0.0.4,57044,389,tcp,NaN,0.008389949798583984,2741,4007,0,10,10
45,1588206998.949662,10.0.1.6,10.0.0.4,57045,389,tcp,NaN,0.008588075637817383,2206,937,0,7,7
46,1588206998.952488,10.0.1.6,10.0.0.4,57046,389,tcp,NaN,0.005938053131103516,2391,1273,0,8,8
47,1588206998.960721,10.0.1.6,10.0.0.4,57047,88,tcp,krb_tcp,0.002733945846557617,221,182,0,4,4
48,1588206998.969973,10.0.1.6,10.0.0.4,57048,88,tcp,krb_tcp,0.0020799636840820312,301,1535,0,5,5
49,1588206998.972202,10.0.1.6,10.0.0.4,57049,88,tcp,krb_tcp,0.002274036407470703,1443,1465,0,5,6
50,1588206999.298524,10.0.1.4,10.0.1.6,60819,55121,tcp,NaN,3.0148510932922363,0,0,0,3,0
51,1588207006.317093,10.0.1.4,10.0.1.6,60819,55121,tcp,NaN,NaN,NaN,NaN,0,1,0
52,1588207000.048842,10.0.1.6,10.0.0.4,57052,445,tcp,"gssapi,smb,krb",10.923789978027344,4020,1681,0,12,11
53,1588207014.326995,10.0.1.4,10.0.1.6,60819,55121,tcp,NaN,NaN,NaN,NaN,0,1,0
54,1588206977.865701,10.0.1.4,10.0.1.6,60815,135,tcp,dce_rpc,42.45286512374878,496,452,0,8,4
55,1588206977.825393,10.0.1.4,10.0.1.6,60811,445,tcp,gssapi,53.64974498748779,193627,30239,0,96,90
56,1588207073.361605,10.0.1.4,10.0.1.6,60829,55121,tcp,NaN,3.008784055709839,0,0,0,3,0
57,1588207080.376198,10.0.1.4,10.0.1.6,60829,55121,tcp,NaN,NaN,NaN,NaN,0,1,0
58,1588207080.205604,10.0.1.6,10.0.0.4,51985,53,udp,dns,0.001931905746459961,36,104,0,1,1
59,1588207088.390116,10.0.1.4,10.0.1.6,60829,55121,tcp,NaN,NaN,NaN,NaN,0,1,0
60,1588207094.42524,10.0.1.6,10.0.0.4,57055,389,tcp,NaN,0.007080078125,2391,1273,0,8,8
61,1588207094.436007,10.0.1.6,10.0.0.4,57057,389,tcp,NaN,0.00666499137878418,2391,1273,0,8,8
62,1588207094.432738,10.0.1.6,10.0.0.4,57056,389,tcp,NaN,0.009953975677490234,2206,937,0,7,7
63,1588207094.444747,10.0.1.6,10.0.0.4,57058,88,tcp,krb_tcp,0.0020351409912109375,221,182,0,4,4
64,1588207094.453001,10.0.1.6,10.0.0.4,57059,88,tcp,krb_tcp,0.003325939178466797,301,1535,0,5,5
65,1588207094.455702,10.0.1.6,10.0.0.4,57060,88,tcp,krb_tcp,0.0033788681030273438,1443,1465,0,5,6
66,1588207094.656751,10.0.1.4,10.0.1.6,60831,55121,tcp,NaN,3.012385129928589,0,0,0,3,0
67,1588207101.6697,10.0.1.4,10.0.1.6,60831,55121,tcp,NaN,NaN,NaN,NaN,0,1,0
68,1588207109.672724,10.0.1.4,10.0.1.6,60831,55121,tcp,NaN,NaN,NaN,NaN,0,1,0
69,1588207073.357015,10.0.1.4,10.0.1.6,60828,135,tcp,dce_rpc,42.32703900337219,496,452,0,8,4
70,1588207073.31099,10.0.1.4,10.0.1.6,60824,445,tcp,gssapi,53.644521951675415,193627,30239,0,100,91
71,1588207119.479847,10.0.1.6,10.0.0.4,57063,135,tcp,dce_rpc,14.992820024490356,328,280,0,7,6
72,1588207119.483999,10.0.1.6,10.0.0.4,57064,49667,tcp,dce_rpc,34.98910403251648,2823,1034,0,10,10
73,1588207182.597138,10.0.1.4,10.0.1.6,60838,445,tcp,gssapi,0.02571702003479004,301,1144,0,5,3
74,1588207182.711929,10.0.1.4,10.0.1.6,60839,80,tcp,NaN,3.0108020305633545,0,0,0,3,0
75,1588207189.737575,10.0.1.4,10.0.1.6,60839,80,tcp,NaN,NaN,NaN,NaN,0,1,0
76,1588207197.75212,10.0.1.4,10.0.1.6,60839,80,tcp,NaN,NaN,NaN,NaN,0,1,0
77,1588207203.754964,10.0.1.4,10.0.1.6,60843,445,tcp,gssapi,0.005701780319213867,301,1144,0,5,3
78,1588207203.762622,10.0.1.4,10.0.1.6,60844,445,tcp,NaN,0.0031669139862060547,228,614,0,4,2
79,1588207203.766483,10.0.1.4,10.0.1.6,60845,445,tcp,NaN,0.0031998157501220703,228,614,0,4,2
80,1588207203.771393,10.0.1.4,10.0.1.6,60846,445,tcp,NaN,0.0020580291748046875,228,614,0,4,2
81,1588207203.774184,10.0.1.4,10.0.1.6,60847,445,tcp,NaN,0.002382993698120117,228,614,0,4,2
82,1588207203.777765,10.0.1.4,10.0.1.6,60848,445,tcp,NaN,0.0023679733276367188,228,614,0,4,2
83,1588207203.781575,10.0.1.4,10.0.1.6,60849,445,tcp,NaN,0.003968000411987305,228,614,0,4,2
84,1588207203.129777,10.0.1.6,10.0.0.4,50954,53,udp,dns,0.03660297393798828,60,151,0,2,1
85,1588207203.291454,10.0.1.6,10.0.0.4,64035,53,udp,dns,0.0013689994812011719,29,80,0,1,1
86,1588207222.462123,10.0.1.4,10.0.1.6,60858,55121,tcp,NaN,3.00628399848938,0,0,0,3,0
87,1588207229.482755,10.0.1.4,10.0.1.6,60858,55121,tcp,NaN,NaN,NaN,NaN,0,1,0
88,1588207237.486216,10.0.1.4,10.0.1.6,60858,55121,tcp,NaN,NaN,NaN,NaN,0,1,0
89,1588207243.700821,10.0.1.6,10.0.0.4,57083,389,tcp,NaN,0.007930994033813477,2391,1273,0,8,8
90,1588207243.70901,10.0.1.6,10.0.0.4,57084,389,tcp,NaN,0.012980222702026367,2206,937,0,7,7
91,1588207243.713091,10.0.1.6,10.0.0.4,57085,389,tcp,NaN,0.010522127151489258,2391,1273,0,8,8
92,1588207243.723912,10.0.1.6,10.0.0.4,57086,88,tcp,krb_tcp,0.004079103469848633,221,182,0,4,4
93,1588207243.732057,10.0.1.6,10.0.0.4,57087,88,tcp,krb_tcp,0.002707958221435547,301,1535,0,5,5
94,1588207243.734353,10.0.1.6,10.0.0.4,57088,88,tcp,krb_tcp,0.0025670528411865234,1443,1465,0,5,6
95,1588207244.730954,10.0.1.6,192.168.0.4,57091,8443,tcp,ssl,0.24530410766601562,894,55873,0,9,9
96,1588207244.995075,10.0.1.6,192.168.0.4,57092,8443,tcp,ssl,0.010174036026000977,997,1823,0,7,6
97,1588207245.005643,10.0.1.6,192.168.0.4,57093,8443,tcp,ssl,0.007926225662231445,997,1823,0,7,6
98,1588207245.120773,10.0.1.6,192.168.0.4,57094,8443,tcp,ssl,0.009495973587036133,997,2396,0,7,6
99,1588207245.131256,10.0.1.6,192.168.0.4,57095,8443,tcp,ssl,0.008330821990966797,1166,1823,0,7,6
100,1588207245.139947,10.0.1.6,192.168.0.4,57096,8443,tcp,ssl,0.0076711177825927734,997,1921,0,7,6
101,1588207245.16368,10.0.1.6,192.168.0.4,57097,8443,tcp,ssl,0.009915828704833984,1177,1823,0,7,6
102,1588207245.173966,10.0.1.6,192.168.0.4,57098,8443,tcp,ssl,0.010755062103271484,997,1952,0,7,6
103,1588207245.185344,10.0.1.6,192.168.0.4,57099,8443,tcp,ssl,0.010478019714355469,1158,1823,0,7,6
104,1588207245.196124,10.0.1.6,192.168.0.4,57100,8443,tcp,ssl,0.009532928466796875,997,1937,0,7,6
105,1588207245.206373,10.0.1.6,192.168.0.4,57101,8443,tcp,ssl,0.00914907455444336,1152,1823,0,7,6
106,1588207245.215969,10.0.1.6,192.168.0.4,57102,8443,tcp,ssl,0.05336284637451172,997,99201,0,11,12
107,1588207245.330151,10.0.1.6,192.168.0.4,57103,8443,tcp,ssl,0.010313034057617188,1994,1823,0,7,6
108,1588207245.340869,10.0.1.6,192.168.0.4,57104,8443,tcp,ssl,0.01146697998046875,997,1823,0,7,6
109,1588207245.352683,10.0.1.6,192.168.0.4,57105,8443,tcp,ssl,0.009980916976928711,997,1823,0,7,6
110,1588207245.464423,10.0.1.6,192.168.0.4,57106,8443,tcp,ssl,0.04969000816345215,997,1921,0,7,6
111,1588207245.514969,10.0.1.6,192.168.0.4,57107,8443,tcp,ssl,0.010695934295654297,1180,1823,0,7,6
112,1588207245.525995,10.0.1.6,192.168.0.4,57108,8443,tcp,ssl,0.007863044738769531,997,1931,0,7,6
113,1588207245.534455,10.0.1.6,192.168.0.4,57109,8443,tcp,ssl,0.0075109004974365234,1177,1823,0,7,6
114,1588207245.542338,10.0.1.6,192.168.0.4,57110,8443,tcp,ssl,0.010209083557128906,997,1932,0,7,6
115,1588207245.553344,10.0.1.6,192.168.0.4,57111,8443,tcp,ssl,0.009424924850463867,1219,1823,0,7,6
116,1588207245.56305,10.0.1.6,192.168.0.4,57112,8443,tcp,ssl,0.006793022155761719,997,1944,0,7,6
117,1588207245.570382,10.0.1.6,192.168.0.4,57113,8443,tcp,ssl,0.0075609683990478516,1150,1823,0,7,6
118,1588207245.578221,10.0.1.6,192.168.0.4,57114,8443,tcp,ssl,0.0067479610443115234,997,1939,0,7,6
119,1588207245.585556,10.0.1.6,192.168.0.4,57115,8443,tcp,ssl,0.009096860885620117,1169,1823,0,7,6
120,1588207245.595026,10.0.1.6,192.168.0.4,57116,8443,tcp,ssl,0.008095026016235352,997,1935,0,7,6
121,1588207245.603646,10.0.1.6,192.168.0.4,57117,8443,tcp,ssl,0.007080078125,1165,1823,0,7,6
122,1588207245.611039,10.0.1.6,192.168.0.4,57118,8443,tcp,ssl,0.007798194885253906,997,1823,0,7,6
123,1588207245.619123,10.0.1.6,192.168.0.4,57119,8443,tcp,ssl,0.00817108154296875,997,1823,0,7,6
124,1588207245.730308,10.0.1.6,192.168.0.4,57120,8443,tcp,ssl,0.010251045227050781,997,1823,0,7,6
125,1588207245.93322,10.0.1.6,192.168.0.4,57121,8443,tcp,ssl,0.00991201400756836,997,1823,0,7,6
126,1588207246.246092,10.0.1.6,192.168.0.4,57122,8443,tcp,ssl,0.01220083236694336,997,1823,0,7,6
127,1588207246.652286,10.0.1.6,192.168.0.4,57123,8443,tcp,ssl,0.011091947555541992,997,1823,0,7,6
128,1588207247.152928,10.0.1.6,192.168.0.4,57124,8443,tcp,ssl,0.010638952255249023,997,1823,0,7,6
129,1588207247.76246,10.0.1.6,192.168.0.4,57125,8443,tcp,ssl,0.012936115264892578,997,1823,0,7,6
130,1588207248.465673,10.0.1.6,192.168.0.4,57126,8443,tcp,ssl,0.011013984680175781,997,1823,0,7,6
131,1588207249.278986,10.0.1.6,192.168.0.4,57127,8443,tcp,ssl,0.012413978576660156,997,1823,0,7,6
132,1588207250.188664,10.0.1.6,192.168.0.4,57128,8443,tcp,ssl,0.010612964630126953,997,1823,0,7,6
133,1588207251.189486,10.0.1.6,192.168.0.4,57129,8443,tcp,ssl,0.009895086288452148,997,1823,0,7,6
134,1588207252.298357,10.0.1.6,192.168.0.4,57130,8443,tcp,ssl,0.009584903717041016,997,1823,0,7,6
135,1588207253.501488,10.0.1.6,192.168.0.4,57131,8443,tcp,ssl,0.012756109237670898,997,1823,0,7,6
136,1588207254.814791,10.0.1.6,192.168.0.4,57132,8443,tcp,ssl,0.008975982666015625,997,1823,0,7,6
137,1588207256.222102,10.0.1.6,192.168.0.4,57133,8443,tcp,ssl,0.008823156356811523,997,1823,0,7,6
138,1588207257.731765,10.0.1.6,192.168.0.4,57135,8443,tcp,ssl,0.008658885955810547,997,1823,0,7,6
139,1588207259.331733,10.0.1.6,192.168.0.4,57136,8443,tcp,ssl,0.009601116180419922,997,1823,0,7,6
140,1588207261.043492,10.0.1.6,192.168.0.4,57137,8443,tcp,ssl,0.009692907333374023,997,1823,0,7,6
141,1588207262.843768,10.0.1.6,192.168.0.4,57138,8443,tcp,ssl,0.0109100341796875,997,1823,0,7,6
142,1588207264.743813,10.0.1.6,192.168.0.4,57139,8443,tcp,ssl,0.01037287712097168,997,1823,0,7,6
143,1588207266.744509,10.0.1.6,192.168.0.4,57140,8443,tcp,ssl,0.010342121124267578,997,1823,0,7,6
144,1588207268.845062,10.0.1.6,192.168.0.4,57141,8443,tcp,ssl,0.01026296615600586,997,1823,0,7,6
145,1588207271.051071,10.0.1.6,192.168.0.4,57142,8443,tcp,ssl,0.010080099105834961,997,1823,0,7,6
146,1588207273.351363,10.0.1.6,192.168.0.4,57143,8443,tcp,ssl,0.009814977645874023,997,1823,0,7,6
147,1588207275.766642,10.0.1.6,192.168.0.4,57144,8443,tcp,ssl,0.00932002067565918,997,1823,0,7,6
148,1588207278.267332,10.0.1.6,192.168.0.4,57145,8443,tcp,ssl,0.010602951049804688,997,1823,0,7,6
149,1588207280.867396,10.0.1.6,192.168.0.4,57146,8443,tcp,ssl,0.010573863983154297,997,1823,0,7,6
150,1588207222.457253,10.0.1.4,10.0.1.6,60857,135,tcp,dce_rpc,59.96172094345093,328,280,0,7,5
151,1588207283.567852,10.0.1.6,192.168.0.4,57147,8443,tcp,ssl,0.012367963790893555,997,1823,0,7,6
152,1588207286.383056,10.0.1.6,192.168.0.4,57148,8443,tcp,ssl,0.010187149047851562,997,1823,0,7,6
153,1588207289.294066,10.0.1.6,192.168.0.4,57149,8443,tcp,ssl,0.010375022888183594,997,1823,0,7,6
154,1588207292.294136,10.0.1.6,192.168.0.4,57150,8443,tcp,ssl,0.013251066207885742,997,1823,0,7,6
155,1588207295.394525,10.0.1.6,192.168.0.4,57151,8443,tcp,ssl,0.009938955307006836,997,1823,0,7,6
156,1588207298.604863,10.0.1.6,192.168.0.4,57152,8443,tcp,ssl,0.00980997085571289,997,1823,0,7,6
157,1588207301.920662,10.0.1.6,192.168.0.4,57153,8443,tcp,ssl,0.01088404655456543,997,1823,0,7,6
158,1588207305.320265,10.0.1.6,192.168.0.4,57154,8443,tcp,ssl,0.012353897094726562,997,1823,0,7,6
159,1588207308.820683,10.0.1.6,192.168.0.4,57155,8443,tcp,ssl,0.010509014129638672,997,1823,0,7,6
160,1588207312.428178,10.0.1.6,192.168.0.4,57156,8443,tcp,ssl,0.008610010147094727,997,1953,0,7,6
161,1588207312.437567,10.0.1.6,192.168.0.4,57157,8443,tcp,ssl,0.006652116775512695,1151,1823,0,7,6
162,1588207312.444545,10.0.1.6,192.168.0.4,57158,8443,tcp,ssl,0.008034944534301758,997,2015,0,7,6
163,1588207312.453868,10.0.1.6,192.168.0.4,57159,8443,tcp,ssl,0.008708000183105469,1166,1823,0,7,6
164,1588207312.462892,10.0.1.6,192.168.0.4,57160,8443,tcp,ssl,0.3109469413757324,997,606844,0,26,33
165,1588207313.037057,10.0.1.6,192.168.0.4,57161,8443,tcp,ssl,0.009772062301635742,1167,1823,0,7,6
166,1588207313.047196,10.0.1.6,192.168.0.4,57162,8443,tcp,ssl,0.0076100826263427734,997,1936,0,7,6
167,1588207313.055469,10.0.1.6,192.168.0.4,57163,8443,tcp,ssl,0.007570981979370117,1154,1823,0,7,6
168,1588207313.063376,10.0.1.6,192.168.0.4,57164,8443,tcp,ssl,0.008448123931884766,997,1936,0,7,6
169,1588207313.072364,10.0.1.6,192.168.0.4,57165,8443,tcp,ssl,0.0073778629302978516,1154,1823,0,7,6
170,1588207313.080075,10.0.1.6,192.168.0.4,57166,8443,tcp,ssl,0.023601055145263672,997,1937,0,7,6
171,1588207313.104377,10.0.1.6,192.168.0.4,57167,8443,tcp,ssl,0.016510963439941406,1155,1823,0,7,6
172,1588207313.121215,10.0.1.6,192.168.0.4,57168,8443,tcp,ssl,0.00786280632019043,997,1823,0,7,6
173,1588207313.129419,10.0.1.6,192.168.0.4,57169,8443,tcp,ssl,0.007854938507080078,997,1823,0,7,6
174,1588207313.223036,10.0.1.6,192.168.0.4,57170,8443,tcp,ssl,0.013473987579345703,997,1823,0,7,6
175,1588207313.423175,10.0.1.6,192.168.0.4,57171,8443,tcp,ssl,0.011464834213256836,997,1823,0,7,6
176,1588207313.723191,10.0.1.6,192.168.0.4,57172,8443,tcp,ssl,0.010376930236816406,997,1823,0,7,6
177,1588207314.123448,10.0.1.6,192.168.0.4,57173,8443,tcp,ssl,0.009206056594848633,997,1823,0,7,6
178,1588207314.623709,10.0.1.6,192.168.0.4,57174,8443,tcp,ssl,0.008858919143676758,997,1823,0,7,6
179,1588207315.223791,10.0.1.6,192.168.0.4,57175,8443,tcp,ssl,0.010840177536010742,997,1823,0,7,6
180,1588207315.936585,10.0.1.6,192.168.0.4,57176,8443,tcp,ssl,0.009618997573852539,997,1823,0,7,6
181,1588207316.736801,10.0.1.6,192.168.0.4,57177,8443,tcp,ssl,0.012093067169189453,997,1823,0,7,6
182,1588207317.636942,10.0.1.6,192.168.0.4,57178,8443,tcp,ssl,0.010631084442138672,997,1823,0,7,6
183,1588207318.637135,10.0.1.6,192.168.0.4,57179,8443,tcp,ssl,0.009331941604614258,997,1823,0,7,6
184,1588207319.741493,10.0.1.6,192.168.0.4,57180,8443,tcp,ssl,0.008831024169921875,997,1823,0,7,6
185,1588207320.949637,10.0.1.6,192.168.0.4,57181,8443,tcp,ssl,0.011690139770507812,997,1959,0,7,6
186,1588207320.962109,10.0.1.6,192.168.0.4,57182,8443,tcp,ssl,0.007295846939086914,1151,1823,0,7,6
187,1588207320.969779,10.0.1.6,192.168.0.4,57183,8443,tcp,ssl,0.00890207290649414,997,2021,0,7,6
188,1588207320.979853,10.0.1.6,192.168.0.4,57184,8443,tcp,ssl,0.00889897346496582,1166,1823,0,7,6
189,1588207320.989093,10.0.1.6,192.168.0.4,57185,8443,tcp,ssl,0.13588285446166992,997,248923,0,16,16
190,1588207321.223342,10.0.1.6,192.168.0.4,57186,8443,tcp,ssl,0.009319067001342773,1167,1823,0,7,6
191,1588207321.233054,10.0.1.6,192.168.0.4,57187,8443,tcp,ssl,0.009224176406860352,997,1936,0,7,6
192,1588207321.24287,10.0.1.6,192.168.0.4,57188,8443,tcp,ssl,0.00785684585571289,1154,1823,0,7,6
193,1588207321.251031,10.0.1.6,192.168.0.4,57189,8443,tcp,ssl,0.0067901611328125,997,1936,0,7,6
194,1588207321.258348,10.0.1.6,192.168.0.4,57190,8443,tcp,ssl,0.007826089859008789,1154,1823,0,7,6
195,1588207321.266442,10.0.1.6,192.168.0.4,57191,8443,tcp,ssl,0.021997928619384766,997,1937,0,7,6
196,1588207321.289125,10.0.1.6,192.168.0.4,57192,8443,tcp,ssl,0.016997098922729492,1155,1823,0,7,6
197,1588207321.306417,10.0.1.6,192.168.0.4,57193,8443,tcp,ssl,0.012744903564453125,997,1823,0,7,6
198,1588207321.319561,10.0.1.6,192.168.0.4,57194,8443,tcp,ssl,0.007491111755371094,997,1823,0,7,6
199,1588207321.422129,10.0.1.6,192.168.0.4,57195,8443,tcp,ssl,0.011255025863647461,997,1823,0,7,6
200,1588207321.625428,10.0.1.6,192.168.0.4,57196,8443,tcp,ssl,0.010271072387695312,997,1823,0,7,6
201,1588207321.925516,10.0.1.6,192.168.0.4,57197,8443,tcp,ssl,0.009689092636108398,997,1823,0,7,6
202,1588207322.325627,10.0.1.6,192.168.0.4,57198,8443,tcp,ssl,0.009154796600341797,997,1823,0,7,6
203,1588207322.825785,10.0.1.6,192.168.0.4,57199,8443,tcp,ssl,0.009634017944335938,997,1823,0,7,6
204,1588207323.438513,10.0.1.6,192.168.0.4,57200,8443,tcp,ssl,0.010922908782958984,997,1823,0,7,6
205,1588207324.138485,10.0.1.6,192.168.0.4,57201,8443,tcp,ssl,0.011322021484375,997,1823,0,7,6
206,1588207324.951387,10.0.1.6,192.168.0.4,57202,8443,tcp,ssl,0.011649131774902344,997,1823,0,7,6
207,1588207325.866698,10.0.1.6,192.168.0.4,57203,8443,tcp,ssl,0.01190185546875,997,1823,0,7,6
208,1588207326.866833,10.0.1.6,192.168.0.4,57204,8443,tcp,ssl,0.010138988494873047,997,1823,0,7,6
209,1588207327.968242,10.0.1.6,192.168.0.4,57205,8443,tcp,ssl,0.010786056518554688,997,1823,0,7,6
210,1588207329.16863,10.0.1.6,192.168.0.4,57206,8443,tcp,ssl,0.009747028350830078,997,1968,0,7,6
211,1588207329.188284,10.0.1.6,192.168.0.4,57207,8443,tcp,ssl,0.011960983276367188,1203,1823,0,7,6
212,1588207329.200585,10.0.1.6,192.168.0.4,57208,8443,tcp,ssl,0.009225130081176758,997,1949,0,7,6
213,1588207329.210437,10.0.1.6,192.168.0.4,57209,8443,tcp,ssl,0.009544849395751953,1158,1823,0,7,6
214,1588207329.220327,10.0.1.6,192.168.0.4,57210,8443,tcp,ssl,0.008790016174316406,997,1823,0,7,6
215,1588207329.238178,10.0.1.6,192.168.0.4,57211,8443,tcp,ssl,0.00767207145690918,997,1823,0,7,6
216,1588207329.340255,10.0.1.6,192.168.0.4,57212,8443,tcp,ssl,0.00985097885131836,997,1823,0,7,6
217,1588207329.547976,10.0.1.6,192.168.0.4,57215,8443,tcp,ssl,0.010534048080444336,1320,1823,0,7,6
218,1588207329.558929,10.0.1.6,192.168.0.4,57216,8443,tcp,ssl,0.00790095329284668,997,1823,0,7,6
219,1588207329.875944,10.0.1.6,192.168.0.4,57217,8443,tcp,ssl,0.011280059814453125,1199,1823,0,7,6
220,1588207329.887607,10.0.1.6,192.168.0.4,57218,8443,tcp,ssl,0.007908821105957031,997,1823,0,7,6
221,1588207330.313252,10.0.1.6,192.168.0.4,57221,8443,tcp,ssl,0.009643077850341797,997,1823,0,7,6
222,1588207330.813299,10.0.1.6,192.168.0.4,57222,8443,tcp,ssl,0.009345054626464844,997,1823,0,7,6
223,1588207331.424584,10.0.1.6,192.168.0.4,57224,8443,tcp,ssl,0.010403156280517578,997,1823,0,7,6
224,1588207332.128694,10.0.1.6,192.168.0.4,57225,8443,tcp,ssl,0.02340984344482422,997,1823,0,7,6
225,1588207332.957236,10.0.1.6,192.168.0.4,57226,8443,tcp,ssl,0.010519027709960938,997,1823,0,7,6
226,1588207333.863948,10.0.1.6,192.168.0.4,57227,8443,tcp,ssl,0.009956836700439453,997,1823,0,7,6
227,1588207334.865161,10.0.1.6,192.168.0.4,57228,8443,tcp,ssl,0.012120962142944336,997,1823,0,7,6
228,1588207335.975274,10.0.1.6,192.168.0.4,57229,8443,tcp,ssl,0.011890888214111328,997,1823,0,7,6
229,1588207337.178879,10.0.1.6,192.168.0.4,57230,8443,tcp,ssl,0.02290797233581543,997,1823,0,7,6
230,1588207338.494553,10.0.1.6,192.168.0.4,57231,8443,tcp,ssl,0.010873794555664062,997,1823,0,7,6
231,1588207339.900772,10.0.1.6,192.168.0.4,57232,8443,tcp,ssl,0.010418891906738281,997,1823,0,7,6
232,1588207341.412285,10.0.1.6,192.168.0.4,57233,8443,tcp,ssl,0.01116180419921875,997,2403,0,7,6
233,1588207341.446551,10.0.1.6,192.168.0.4,57234,8443,tcp,ssl,0.010886907577514648,1167,1823,0,7,6
234,1588207341.45795,10.0.1.6,192.168.0.4,57235,8443,tcp,ssl,0.008221864700317383,1209,1823,0,7,6
235,1588207341.466482,10.0.1.6,192.168.0.4,57236,8443,tcp,ssl,0.011909961700439453,997,1823,0,7,6
236,1588207341.478741,10.0.1.6,192.168.0.4,57237,8443,tcp,ssl,0.008008003234863281,997,1823,0,7,6
237,1588207341.586558,10.0.1.6,192.168.0.4,57238,8443,tcp,ssl,0.01042795181274414,997,1823,0,7,6
238,1588207341.789567,10.0.1.6,192.168.0.4,57239,8443,tcp,ssl,0.009515047073364258,997,1823,0,7,6
239,1588207342.095464,10.0.1.6,192.168.0.4,57240,8443,tcp,ssl,0.010981082916259766,997,1823,0,7,6
240,1588207342.501868,10.0.1.6,192.168.0.4,57241,8443,tcp,ssl,0.008548974990844727,1199,1823,0,7,6
241,1588207342.510805,10.0.1.6,192.168.0.4,57242,8443,tcp,ssl,0.00932002067565918,997,1823,0,7,6
242,1588207343.019704,10.0.1.6,192.168.0.4,57243,8443,tcp,ssl,0.008679866790771484,997,1823,0,7,6
243,1588207343.621873,10.0.1.6,192.168.0.4,57244,8443,tcp,ssl,0.009675979614257812,997,1823,0,7,6
244,1588207344.326787,10.0.1.6,192.168.0.4,57245,8443,tcp,ssl,0.00894308090209961,997,1823,0,7,6
245,1588207345.139983,10.0.1.6,192.168.0.4,57246,8443,tcp,ssl,0.010957956314086914,997,1823,0,7,6
246,1588207346.047236,10.0.1.6,192.168.0.4,57247,8443,tcp,ssl,0.011476993560791016,997,1823,0,7,6
247,1588207347.048383,10.0.1.6,192.168.0.4,57249,8443,tcp,ssl,0.010143041610717773,997,1823,0,7,6
248,1588207348.158562,10.0.1.6,192.168.0.4,57250,8443,tcp,ssl,0.007723093032836914,997,1823,0,7,6
249,1588207349.362129,10.0.1.6,192.168.0.4,57251,8443,tcp,ssl,0.01008296012878418,997,1976,0,7,6
250,1588207349.373999,10.0.1.6,192.168.0.4,57252,8443,tcp,ssl,0.008569955825805664,1167,1823,0,7,6
251,1588207349.383228,10.0.1.6,192.168.0.4,57253,8443,tcp,ssl,0.009523868560791016,1195,1823,0,7,6
252,1588207349.393084,10.0.1.6,192.168.0.4,57254,8443,tcp,ssl,0.007796049118041992,997,1823,0,7,6
253,1588207349.401225,10.0.1.6,192.168.0.4,57255,8443,tcp,ssl,0.009056806564331055,997,1823,0,7,6
254,1588207349.518374,10.0.1.6,192.168.0.4,57256,8443,tcp,ssl,0.010838031768798828,997,1823,0,7,6
255,1588207349.721867,10.0.1.6,192.168.0.4,57257,8443,tcp,ssl,0.008924007415771484,997,1823,0,7,6
256,1588207350.034697,10.0.1.6,192.168.0.4,57258,8443,tcp,ssl,0.01169896125793457,997,1823,0,7,6
257,1588207350.440541,10.0.1.6,192.168.0.4,57259,8443,tcp,ssl,0.008889913558959961,997,1823,0,7,6
258,1588207350.941321,10.0.1.6,192.168.0.4,57260,8443,tcp,ssl,0.011370182037353516,997,1823,0,7,6
259,1588207351.551111,10.0.1.6,192.168.0.4,57261,8443,tcp,ssl,0.010230064392089844,997,1823,0,7,6
260,1588207352.25462,10.0.1.6,192.168.0.4,57262,8443,tcp,ssl,0.01234889030456543,997,1823,0,7,6
261,1588207353.067497,10.0.1.6,192.168.0.4,57263,8443,tcp,ssl,0.009897947311401367,997,1823,0,7,6
262,1588207353.974036,10.0.1.6,192.168.0.4,57264,8443,tcp,ssl,0.023888111114501953,997,1823,0,7,6
263,1588207354.990131,10.0.1.6,192.168.0.4,57265,8443,tcp,ssl,0.011723995208740234,997,1823,0,7,6
264,1588207356.10038,10.0.1.6,192.168.0.4,57266,8443,tcp,ssl,0.010174989700317383,997,1823,0,7,6
265,1588207357.305044,10.0.1.6,192.168.0.4,57267,8443,tcp,ssl,0.008878946304321289,997,1823,0,7,6
266,1588207358.618683,10.0.1.6,192.168.0.4,57268,8443,tcp,ssl,0.010584831237792969,997,2047,0,7,6
267,1588207358.634904,10.0.1.6,192.168.0.4,57269,8443,tcp,ssl,0.009631156921386719,1167,1823,0,7,6
268,1588207358.644936,10.0.1.6,192.168.0.4,57270,8443,tcp,ssl,0.010418891906738281,997,1823,0,7,6
269,1588207358.661506,10.0.1.6,192.168.0.4,57271,8443,tcp,ssl,0.010122060775756836,997,1823,0,7,6
270,1588207358.768635,10.0.1.6,192.168.0.4,57272,8443,tcp,ssl,0.011679887771606445,1475,1823,0,7,6
271,1588207358.780822,10.0.1.6,192.168.0.4,57273,8443,tcp,ssl,0.008967876434326172,997,1823,0,7,6
272,1588207358.988008,10.0.1.6,192.168.0.4,57274,8443,tcp,ssl,0.01176309585571289,1213,1823,0,7,6
273,1588207359.000124,10.0.1.6,192.168.0.4,57275,8443,tcp,ssl,0.008795022964477539,997,1823,0,7,6
274,1588207359.315443,10.0.1.6,192.168.0.4,57276,8443,tcp,ssl,0.008703947067260742,997,1823,0,7,6
275,1588207359.721857,10.0.1.6,192.168.0.4,57277,8443,tcp,ssl,0.009755849838256836,997,1823,0,7,6
276,1588207360.237421,10.0.1.6,192.168.0.4,57278,8443,tcp,ssl,0.00999307632446289,997,1823,0,7,6
277,1588207360.847066,10.0.1.6,192.168.0.4,57279,8443,tcp,ssl,0.010408163070678711,997,1823,0,7,6
278,1588207361.550227,10.0.1.6,192.168.0.4,57280,8443,tcp,ssl,0.009582996368408203,997,1823,0,7,6
279,1588207362.350841,10.0.1.6,192.168.0.4,57281,8443,tcp,ssl,0.013139963150024414,997,1823,0,7,6
280,1588207363.253782,10.0.1.6,192.168.0.4,57282,8443,tcp,ssl,0.009981870651245117,997,1823,0,7,6
281,1588207364.253908,10.0.1.6,192.168.0.4,57283,8443,tcp,ssl,0.011265039443969727,997,1823,0,7,6
282,1588207365.357601,10.0.1.6,192.168.0.4,57284,8443,tcp,ssl,0.022117137908935547,997,1823,0,7,6
283,1588207366.579893,10.0.1.6,192.168.0.4,57285,8443,tcp,ssl,0.00925588607788086,997,1823,0,7,6
284,1588207367.889367,10.0.1.6,192.168.0.4,57286,8443,tcp,ssl,0.010616779327392578,997,1823,0,7,6
285,1588207369.299353,10.0.1.6,192.168.0.4,57287,8443,tcp,ssl,0.01021718978881836,997,1962,0,7,6
286,1588207369.310782,10.0.1.6,192.168.0.4,57288,8443,tcp,ssl,0.009426116943359375,1167,1823,0,7,6
287,1588207369.320639,10.0.1.6,192.168.0.4,57289,8443,tcp,ssl,0.007213115692138672,997,1823,0,7,6
288,1588207369.328247,10.0.1.6,192.168.0.4,57290,8443,tcp,ssl,0.013715982437133789,997,1823,0,7,6
289,1588207369.440115,10.0.1.6,192.168.0.4,57291,8443,tcp,ssl,0.012247085571289062,1155,1823,0,7,6
290,1588207369.452753,10.0.1.6,192.168.0.4,57292,8443,tcp,ssl,0.008932828903198242,997,1823,0,7,6
291,1588207369.665833,10.0.1.6,192.168.0.4,57293,8443,tcp,ssl,0.009603023529052734,997,1823,0,7,6
292,1588207369.965224,10.0.1.6,192.168.0.4,57294,8443,tcp,ssl,0.01051187515258789,997,1823,0,7,6
293,1588207370.380605,10.0.1.6,192.168.0.4,57295,8443,tcp,ssl,0.008810997009277344,997,1823,0,7,6
294,1588207370.891451,10.0.1.6,192.168.0.4,57296,8443,tcp,ssl,0.025983095169067383,997,1823,0,7,6
295,1588207371.51087,10.0.1.6,192.168.0.4,57297,8443,tcp,ssl,0.009361982345581055,997,1823,0,7,6
296,1588207372.215613,10.0.1.6,192.168.0.4,57298,8443,tcp,ssl,0.011550188064575195,997,1823,0,7,6
297,1588207373.01561,10.0.1.6,192.168.0.4,57299,8443,tcp,ssl,0.009630918502807617,997,1966,0,7,6
298,1588207373.026125,10.0.1.6,192.168.0.4,57300,8443,tcp,ssl,0.0072481632232666016,1223,1823,0,7,6
299,1588207373.033662,10.0.1.6,192.168.0.4,57301,8443,tcp,ssl,0.007817983627319336,997,2028,0,7,6
300,1588207373.042162,10.0.1.6,192.168.0.4,57302,8443,tcp,ssl,0.006288051605224609,1166,1823,0,7,6
301,1588207373.048763,10.0.1.6,192.168.0.4,57303,8443,tcp,ssl,0.0067138671875,997,1966,0,7,6
302,1588207373.056216,10.0.1.6,192.168.0.4,57304,8443,tcp,ssl,0.007491111755371094,1223,1823,0,7,6
303,1588207373.064051,10.0.1.6,192.168.0.4,57305,8443,tcp,ssl,0.01974201202392578,997,1948,0,7,6
304,1588207373.085621,10.0.1.6,192.168.0.4,57306,8443,tcp,ssl,0.010994911193847656,3193,1823,0,7,7
305,1588207373.096987,10.0.1.6,192.168.0.4,57307,8443,tcp,ssl,0.010061025619506836,997,1948,0,7,6
306,1588207373.107959,10.0.1.6,192.168.0.4,57308,8443,tcp,ssl,0.0073850154876708984,1162,1823,0,7,6
307,1588207373.115697,10.0.1.6,192.168.0.4,57309,8443,tcp,ssl,0.006826162338256836,997,1935,0,7,6
308,1588207373.123003,10.0.1.6,192.168.0.4,57310,8443,tcp,ssl,0.0071370601654052734,1162,1823,0,7,6
309,1588207373.130469,10.0.1.6,192.168.0.4,57311,8443,tcp,ssl,0.019696950912475586,997,1937,0,7,6
310,1588207373.150987,10.0.1.6,192.168.0.4,57312,8443,tcp,ssl,0.014841079711914062,1155,1823,0,7,6
311,1588207373.16616,10.0.1.6,192.168.0.4,57313,8443,tcp,ssl,0.008508920669555664,997,1823,0,7,6
312,1588207373.175058,10.0.1.6,192.168.0.4,57314,8443,tcp,ssl,0.008540153503417969,997,1823,0,7,6
313,1588207373.271944,10.0.1.6,192.168.0.4,57315,8443,tcp,ssl,0.008293867111206055,997,1823,0,7,6
314,1588207373.484554,10.0.1.6,192.168.0.4,57316,8443,tcp,ssl,0.008785009384155273,997,1823,0,7,6
315,1588207373.792069,10.0.1.6,192.168.0.4,57317,8443,tcp,ssl,0.008466005325317383,997,1823,0,7,6
316,1588207374.207279,10.0.1.6,192.168.0.4,57318,8443,tcp,ssl,0.011263132095336914,997,1823,0,7,6
317,1588207374.707508,10.0.1.6,192.168.0.4,57319,8443,tcp,ssl,0.011845827102661133,997,1823,0,7,6
318,1588207375.307536,10.0.1.6,192.168.0.4,57320,8443,tcp,ssl,0.009533166885375977,997,1823,0,7,6
319,1588207376.008946,10.0.1.6,192.168.0.4,57321,8443,tcp,ssl,0.023302078247070312,997,1823,0,7,6
320,1588207376.825007,10.0.1.6,192.168.0.4,57322,8443,tcp,ssl,0.010255098342895508,997,1823,0,7,6
321,1588207377.725935,10.0.1.6,192.168.0.4,57323,8443,tcp,ssl,0.01073002815246582,997,1823,0,7,6
322,1588207378.726085,10.0.1.6,192.168.0.4,57324,8443,tcp,ssl,0.009158134460449219,997,1823,0,7,6
323,1588207379.836103,10.0.1.6,192.168.0.4,57325,8443,tcp,ssl,0.011678934097290039,997,1823,0,7,6
324,1588207381.035974,10.0.1.6,192.168.0.4,57326,8443,tcp,ssl,0.00923299789428711,997,1823,0,7,6
325,1588207382.336171,10.0.1.6,192.168.0.4,57327,8443,tcp,ssl,0.010516166687011719,997,1823,0,7,6
326,1588207383.745083,10.0.1.6,192.168.0.4,57328,8443,tcp,ssl,0.009212017059326172,997,1823,0,7,6
327,1588207385.249013,10.0.1.6,192.168.0.4,57329,8443,tcp,ssl,0.009133100509643555,997,1823,0,7,6
328,1588207386.854907,10.0.1.6,192.168.0.4,57330,8443,tcp,ssl,0.01049184799194336,997,1823,0,7,6
329,1588207388.55629,10.0.1.6,192.168.0.4,57331,8443,tcp,ssl,0.010169029235839844,997,1823,0,7,6
330,1588207390.363502,10.0.1.6,192.168.0.4,57333,8443,tcp,ssl,0.008836030960083008,997,1823,0,7,6
331,1588207392.277294,10.0.1.6,192.168.0.4,57334,8443,tcp,ssl,0.011533975601196289,997,1823,0,7,6
332,1588207394.277755,10.0.1.6,192.168.0.4,57335,8443,tcp,ssl,0.010981082916259766,997,1823,0,7,6
333,1588207396.387224,10.0.1.6,192.168.0.4,57336,8443,tcp,ssl,0.00911092758178711,997,1823,0,7,6
334,1588207398.595422,10.0.1.6,192.168.0.4,57337,8443,tcp,ssl,0.009172916412353516,997,1823,0,7,6
335,1588207400.895707,10.0.1.6,192.168.0.4,57338,8443,tcp,ssl,0.011497020721435547,997,1823,0,7,6
336,1588207403.304534,10.0.1.6,192.168.0.4,57339,8443,tcp,ssl,0.010101079940795898,997,1823,0,7,6
337,1588207405.819886,10.0.1.6,192.168.0.4,57340,8443,tcp,ssl,0.011192083358764648,997,1823,0,7,6
338,1588207408.429068,10.0.1.6,192.168.0.4,57341,8443,tcp,ssl,0.010772943496704102,997,1823,0,7,7
339,1588207411.129511,10.0.1.6,192.168.0.4,57342,8443,tcp,ssl,0.009811878204345703,997,1947,0,7,6
340,1588207411.14028,10.0.1.6,192.168.0.4,57343,8443,tcp,ssl,0.010808944702148438,1221,1823,0,7,6
341,1588207411.151583,10.0.1.6,192.168.0.4,57344,8443,tcp,ssl,0.009751081466674805,997,1981,0,7,6
342,1588207411.165388,10.0.1.6,192.168.0.4,57345,8443,tcp,ssl,0.009374856948852539,1203,1823,0,7,6
343,1588207411.1751,10.0.1.6,192.168.0.4,57346,8443,tcp,ssl,0.007368803024291992,997,1949,0,7,6
344,1588207411.182991,10.0.1.6,192.168.0.4,57347,8443,tcp,ssl,0.009504079818725586,1158,1823,0,7,6
345,1588207411.193017,10.0.1.6,192.168.0.4,57348,8443,tcp,ssl,0.009847879409790039,1295,1823,0,7,6
346,1588207411.203184,10.0.1.6,192.168.0.4,57349,8443,tcp,ssl,0.008271217346191406,997,1823,0,7,6
347,1588207411.211885,10.0.1.6,192.168.0.4,57350,8443,tcp,ssl,0.008718013763427734,997,1823,0,7,6
348,1588207411.316917,10.0.1.6,192.168.0.4,57351,8443,tcp,ssl,0.011630058288574219,997,1823,0,7,6
349,1588207411.526566,10.0.1.6,192.168.0.4,57352,8443,tcp,ssl,0.008476972579956055,997,1823,0,7,6
350,1588207411.83654,10.0.1.6,192.168.0.4,57353,8443,tcp,ssl,0.012212038040161133,997,1823,0,7,6
351,1588207412.242103,10.0.1.6,192.168.0.4,57354,8443,tcp,ssl,0.010458946228027344,997,1823,0,7,6
352,1588207412.742293,10.0.1.6,192.168.0.4,57355,8443,tcp,ssl,0.013811111450195312,997,1823,0,7,6
353,1588207413.356504,10.0.1.6,192.168.0.4,57356,8443,tcp,ssl,0.00904393196105957,997,1823,0,7,6
354,1588207414.068154,10.0.1.6,192.168.0.4,57357,8443,tcp,ssl,0.013507843017578125,997,1978,0,7,6
355,1588207414.083901,10.0.1.6,192.168.0.4,57358,8443,tcp,ssl,0.012490034103393555,1167,1823,0,7,6
356,1588207414.096954,10.0.1.6,192.168.0.4,57359,8443,tcp,ssl,0.00801992416381836,1193,1823,0,7,6
357,1588207414.105306,10.0.1.6,192.168.0.4,57360,8443,tcp,ssl,0.009541034698486328,997,1823,0,7,6
358,1588207414.115581,10.0.1.6,192.168.0.4,57361,8443,tcp,ssl,0.00686192512512207,997,1823,0,7,6
359,1588207414.225886,10.0.1.6,192.168.0.4,57362,8443,tcp,ssl,0.010179996490478516,997,1823,0,7,6
360,1588207414.428264,10.0.1.6,192.168.0.4,57363,8443,tcp,ssl,0.010456085205078125,997,1823,0,7,6
361,1588207414.741079,10.0.1.6,192.168.0.4,57364,8443,tcp,ssl,0.013052940368652344,997,1823,0,7,6
362,1588207415.157146,10.0.1.6,192.168.0.4,57365,8443,tcp,ssl,0.011358022689819336,997,1823,0,7,6
363,1588207415.664637,10.0.1.6,192.168.0.4,57366,8443,tcp,ssl,0.009982824325561523,997,1823,0,7,6
364,1588207416.264416,10.0.1.6,192.168.0.4,57367,8443,tcp,ssl,0.010247945785522461,997,1823,0,7,6
365,1588207416.964609,10.0.1.6,192.168.0.4,57368,8443,tcp,ssl,0.009531021118164062,997,1823,0,7,6
366,1588207417.768232,10.0.1.6,192.168.0.4,57369,8443,tcp,ssl,0.009643793106079102,997,1823,0,7,6
367,1588207418.681755,10.0.1.6,192.168.0.4,57370,8443,tcp,ssl,0.010464906692504883,997,1823,0,7,6
368,1588207419.681874,10.0.1.6,192.168.0.4,57371,8443,tcp,ssl,0.009878873825073242,997,1823,0,7,6
369,1588207420.782646,10.0.1.6,192.168.0.4,57372,8443,tcp,ssl,0.009773969650268555,997,1823,0,7,6
370,1588207421.983081,10.0.1.6,192.168.0.4,57373,8443,tcp,ssl,0.019568920135498047,997,1823,0,7,6
371,1588207423.29856,10.0.1.6,192.168.0.4,57374,8443,tcp,ssl,0.009357213973999023,997,2011,0,7,6
372,1588207423.312124,10.0.1.6,192.168.0.4,57375,8443,tcp,ssl,0.009034872055053711,1167,1823,0,7,6
373,1588207423.321565,10.0.1.6,192.168.0.4,57376,8443,tcp,ssl,0.008181095123291016,997,1823,0,7,6
374,1588207423.330511,10.0.1.6,192.168.0.4,57377,8443,tcp,ssl,0.007421970367431641,997,1823,0,7,6
375,1588207423.445113,10.0.1.6,192.168.0.4,57378,8443,tcp,ssl,0.010808944702148438,1348,1823,0,7,6
376,1588207423.456302,10.0.1.6,192.168.0.4,57379,8443,tcp,ssl,0.008275985717773438,997,1823,0,7,6
377,1588207423.663903,10.0.1.6,192.168.0.4,57380,8443,tcp,ssl,0.010155916213989258,1223,1823,0,7,6
378,1588207423.674441,10.0.1.6,192.168.0.4,57381,8443,tcp,ssl,0.008539915084838867,997,1823,0,7,6
379,1588207423.991922,10.0.1.6,192.168.0.4,57382,8443,tcp,ssl,0.010374069213867188,997,1823,0,7,6
380,1588207424.394524,10.0.1.6,192.168.0.4,57383,8443,tcp,ssl,0.008961915969848633,997,1823,0,7,6
381,1588207424.910454,10.0.1.6,192.168.0.4,57384,8443,tcp,ssl,0.00993490219116211,997,1823,0,7,6
382,1588207425.524646,10.0.1.6,192.168.0.4,57385,8443,tcp,ssl,0.012403011322021484,997,1823,0,7,6
383,1588207426.226452,10.0.1.6,192.168.0.4,57386,8443,tcp,ssl,0.01013493537902832,997,1823,0,7,6
384,1588207427.026705,10.0.1.6,192.168.0.4,57387,8443,tcp,ssl,0.010380029678344727,997,1823,0,7,6
385,1588207427.933421,10.0.1.6,192.168.0.4,57388,8443,tcp,ssl,0.009653091430664062,997,1823,0,7,6
386,1588207428.933653,10.0.1.6,192.168.0.4,57389,8443,tcp,ssl,0.010626792907714844,997,1823,0,7,6
387,1588207430.037834,10.0.1.6,192.168.0.4,57390,8443,tcp,ssl,0.010795116424560547,997,1823,0,7,6
388,1588207431.238151,10.0.1.6,192.168.0.4,57391,8443,tcp,ssl,0.010175943374633789,997,1823,0,7,6
389,1588207432.538838,10.0.1.6,192.168.0.4,57392,8443,tcp,ssl,0.010367155075073242,997,2032,0,7,6
390,1588207432.552946,10.0.1.6,192.168.0.4,57393,8443,tcp,ssl,0.008821964263916016,1167,1823,0,7,6
391,1588207432.562141,10.0.1.6,192.168.0.4,57394,8443,tcp,ssl,0.007256031036376953,997,1823,0,7,6
392,1588207432.569824,10.0.1.6,192.168.0.4,57395,8443,tcp,ssl,0.006866931915283203,997,1823,0,7,6
393,1588207432.679874,10.0.1.6,192.168.0.4,57396,8443,tcp,ssl,0.0117340087890625,1417,1823,0,7,6
394,1588207432.692019,10.0.1.6,192.168.0.4,57397,8443,tcp,ssl,0.008795976638793945,997,1823,0,7,6
395,1588207432.898557,10.0.1.6,192.168.0.4,57398,8443,tcp,ssl,0.010061979293823242,997,1823,0,7,6
396,1588207433.200947,10.0.1.6,192.168.0.4,57399,8443,tcp,ssl,0.00896596908569336,997,1823,0,7,6
397,1588207433.604115,10.0.1.6,192.168.0.4,57400,8443,tcp,ssl,0.010380029678344727,997,1823,0,7,6
398,1588207434.117351,10.0.1.6,192.168.0.4,57401,8443,tcp,ssl,0.009356021881103516,997,1823,0,7,6
399,1588207434.729374,10.0.1.6,192.168.0.4,57402,8443,tcp,ssl,0.012653112411499023,997,1823,0,7,6
400,1588207435.429511,10.0.1.6,192.168.0.4,57404,8443,tcp,ssl,0.010129928588867188,997,1823,0,7,6
401,1588207436.233226,10.0.1.6,192.168.0.4,57405,8443,tcp,ssl,0.011425971984863281,997,1823,0,7,6
402,1588207437.139569,10.0.1.6,192.168.0.4,57406,8443,tcp,ssl,0.008157014846801758,997,1823,0,7,6
403,1588207438.139643,10.0.1.6,192.168.0.4,57407,8443,tcp,ssl,0.00906515121459961,997,1823,0,7,6
404,1588207439.241109,10.0.1.6,192.168.0.4,57408,8443,tcp,ssl,0.01100611686706543,997,1823,0,7,6
405,1588207440.454738,10.0.1.6,192.168.0.4,57409,8443,tcp,ssl,0.010496139526367188,997,1823,0,7,6
406,1588207441.766117,10.0.1.6,192.168.0.4,57410,8443,tcp,ssl,0.008617877960205078,997,1823,0,7,6
407,1588207443.166389,10.0.1.6,192.168.0.4,57411,8443,tcp,ssl,0.00974893569946289,997,2024,0,7,6
408,1588207443.179282,10.0.1.6,192.168.0.4,57412,8443,tcp,ssl,0.00937795639038086,1167,1823,0,7,6
409,1588207443.189068,10.0.1.6,192.168.0.4,57413,8443,tcp,ssl,0.014685869216918945,997,1823,0,7,6
410,1588207443.20479,10.0.1.6,192.168.0.4,57414,8443,tcp,ssl,0.00856781005859375,1294,1823,0,7,6
411,1588207443.213762,10.0.1.6,192.168.0.4,57415,8443,tcp,ssl,0.01099395751953125,997,1823,0,7,6
412,1588207443.33733,10.0.1.6,192.168.0.4,57416,8443,tcp,ssl,0.010846853256225586,1290,1823,0,7,6
413,1588207443.348601,10.0.1.6,192.168.0.4,57417,8443,tcp,ssl,0.009368896484375,997,1823,0,7,6
414,1588207443.555223,10.0.1.6,192.168.0.4,57418,8443,tcp,ssl,0.008590936660766602,997,1823,0,7,6
415,1588207443.855655,10.0.1.6,192.168.0.4,57419,8443,tcp,ssl,0.009020090103149414,997,1823,0,7,6
416,1588207444.258799,10.0.1.6,192.168.0.4,57420,8443,tcp,ssl,0.011884927749633789,997,1823,0,7,6
417,1588207444.774421,10.0.1.6,192.168.0.4,57421,8443,tcp,ssl,0.011340141296386719,997,1823,0,7,6
418,1588207445.383869,10.0.1.6,192.168.0.4,57422,8443,tcp,ssl,0.009449005126953125,997,1823,0,7,6
419,1588207446.095353,10.0.1.6,192.168.0.4,57423,8443,tcp,ssl,0.009781122207641602,997,1823,0,7,6
420,1588207446.899144,10.0.1.6,192.168.0.4,57424,8443,tcp,ssl,0.010661125183105469,997,1823,0,7,6
421,1588207447.811789,10.0.1.6,192.168.0.4,57425,8443,tcp,ssl,0.00910496711730957,997,1823,0,7,6
422,1588207448.811878,10.0.1.6,192.168.0.4,57426,8443,tcp,ssl,0.008773088455200195,997,1823,0,7,6
423,1588207449.911973,10.0.1.6,192.168.0.4,57427,8443,tcp,ssl,0.010843992233276367,997,1823,0,7,6
424,1588207451.118544,10.0.1.6,192.168.0.4,57428,8443,tcp,ssl,0.009491920471191406,997,1993,0,7,6
425,1588207451.130497,10.0.1.6,192.168.0.4,57429,8443,tcp,ssl,0.01001596450805664,1167,1823,0,7,6
426,1588207451.141037,10.0.1.6,192.168.0.4,57430,8443,tcp,ssl,0.007887125015258789,1193,1823,0,7,6
427,1588207451.149475,10.0.1.6,192.168.0.4,57431,8443,tcp,ssl,0.008540868759155273,997,1823,0,7,6
428,1588207451.158343,10.0.1.6,192.168.0.4,57432,8443,tcp,ssl,0.0071070194244384766,997,1823,0,7,6
429,1588207451.274943,10.0.1.6,192.168.0.4,57433,8443,tcp,ssl,0.05610084533691406,997,1947,0,7,7
430,1588207451.331835,10.0.1.6,192.168.0.4,57434,8443,tcp,ssl,0.01047205924987793,1161,1823,0,7,6
431,1588207451.342824,10.0.1.6,192.168.0.4,57435,8443,tcp,ssl,0.007386922836303711,997,1823,0,7,6
432,1588207451.350593,10.0.1.6,192.168.0.4,57436,8443,tcp,ssl,0.007931947708129883,997,1823,0,7,6
433,1588207451.462122,10.0.1.6,192.168.0.4,57437,8443,tcp,ssl,0.0092620849609375,997,1823,0,7,6
434,1588207451.665222,10.0.1.6,192.168.0.4,57438,8443,tcp,ssl,0.00929117202758789,997,1823,0,7,6
435,1588207451.965325,10.0.1.6,192.168.0.4,57439,8443,tcp,ssl,0.009042978286743164,997,1823,0,7,6
436,1588207452.369095,10.0.1.6,192.168.0.4,57440,8443,tcp,ssl,0.008759021759033203,997,1823,0,7,6
437,1588207452.869263,10.0.1.6,192.168.0.4,57441,8443,tcp,ssl,0.009718179702758789,997,1823,0,7,6
438,1588207453.484502,10.0.1.6,192.168.0.4,57442,8443,tcp,ssl,0.00877690315246582,997,1823,0,7,6
439,1588207454.190107,10.0.1.6,192.168.0.4,57443,8443,tcp,ssl,0.009871959686279297,997,1823,0,7,6
440,1588207455.002707,10.0.1.6,192.168.0.4,57444,8443,tcp,ssl,0.01133108139038086,997,1823,0,7,6
441,1588207455.903103,10.0.1.6,192.168.0.4,57445,8443,tcp,ssl,0.01140284538269043,997,1823,0,7,6
442,1588207456.915514,10.0.1.6,192.168.0.4,57446,8443,tcp,ssl,0.010853052139282227,997,1823,0,7,6
443,1588207458.015663,10.0.1.6,192.168.0.4,57447,8443,tcp,ssl,0.009582042694091797,997,1823,0,7,6
444,1588207459.215863,10.0.1.6,192.168.0.4,57448,8443,tcp,ssl,0.011255979537963867,997,1962,0,7,6
445,1588207459.22847,10.0.1.6,192.168.0.4,57449,8443,tcp,ssl,0.008037805557250977,1167,1823,0,7,6
446,1588207459.236998,10.0.1.6,192.168.0.4,57450,8443,tcp,ssl,0.0074918270111083984,1155,1823,0,7,6
447,1588207459.244794,10.0.1.6,192.168.0.4,57451,8443,tcp,ssl,0.008194208145141602,997,1823,0,7,7
448,1588207459.253028,10.0.1.6,192.168.0.4,57452,8443,tcp,ssl,0.008359193801879883,997,1823,0,7,6
449,1588207459.353519,10.0.1.6,192.168.0.4,57453,8443,tcp,ssl,0.009150028228759766,997,1823,0,7,6
450,1588207459.556786,10.0.1.6,192.168.0.4,57454,8443,tcp,ssl,0.011503934860229492,997,1823,0,7,6
451,1588207459.856849,10.0.1.6,192.168.0.4,57455,8443,tcp,ssl,0.010062932968139648,997,1823,0,7,6
452,1588207460.263167,10.0.1.6,192.168.0.4,57456,8443,tcp,ssl,0.010940074920654297,997,1823,0,7,6
453,1588207460.763473,10.0.1.6,192.168.0.4,57457,8443,tcp,ssl,0.02331686019897461,997,1823,0,7,7
454,1588207461.388511,10.0.1.6,192.168.0.4,57458,8443,tcp,ssl,0.012335062026977539,997,1823,0,7,6
455,1588207462.104176,10.0.1.6,192.168.0.4,57459,8443,tcp,ssl,0.010102033615112305,997,1823,0,7,6
456,1588207462.904071,10.0.1.6,192.168.0.4,57460,8443,tcp,ssl,0.010172843933105469,997,1823,0,7,6
457,1588207463.812696,10.0.1.6,192.168.0.4,57461,8443,tcp,ssl,0.009671926498413086,997,1823,0,7,6
458,1588207464.817003,10.0.1.6,192.168.0.4,57462,8443,tcp,ssl,0.011094093322753906,997,1823,0,7,6
459,1588207465.9169,10.0.1.6,192.168.0.4,57463,8443,tcp,ssl,0.010838985443115234,997,1823,0,7,6
460,1588207467.119351,10.0.1.6,192.168.0.4,57464,8443,tcp,ssl,0.012816190719604492,997,1823,0,7,6
461,1588207468.433249,10.0.1.6,192.168.0.4,57465,8443,tcp,ssl,0.011421918869018555,997,1823,0,7,6
462,1588207469.846719,10.0.1.6,192.168.0.4,57466,8443,tcp,ssl,0.009386062622070312,997,1823,0,7,6
463,1588207471.346985,10.0.1.6,192.168.0.4,57467,8443,tcp,ssl,0.012904882431030273,997,1823,0,7,6
464,1588207472.955568,10.0.1.6,192.168.0.4,57468,8443,tcp,ssl,0.01188802719116211,997,1823,0,7,6
465,1588207474.667646,10.0.1.6,192.168.0.4,57469,8443,tcp,ssl,0.010380029678344727,997,1823,0,7,6
466,1588207476.476728,10.0.1.6,192.168.0.4,57470,8443,tcp,ssl,0.024337053298950195,997,1823,0,7,6
467,1588207478.392492,10.0.1.6,192.168.0.4,57471,8443,tcp,ssl,0.01152491569519043,997,1823,0,7,6
468,1588207480.406883,10.0.1.6,192.168.0.4,57472,8443,tcp,ssl,0.009927034378051758,997,1823,0,7,6
469,1588207482.513188,10.0.1.6,192.168.0.4,57473,8443,tcp,ssl,0.024584054946899414,997,1823,0,7,6
470,1588207484.737342,10.0.1.6,192.168.0.4,57474,8443,tcp,ssl,0.011046171188354492,997,1919,0,7,6
471,1588207484.749054,10.0.1.6,192.168.0.4,57475,8443,tcp,ssl,0.00855708122253418,1159,1823,0,7,6
472,1588207485.006003,10.0.1.4,10.0.1.6,60879,55121,tcp,NaN,3.024379014968872,0,0,0,3,0
473,1588207492.031084,10.0.1.4,10.0.1.6,60879,55121,tcp,NaN,NaN,NaN,NaN,0,1,0
474,1588207439.015401,10.0.1.6,10.0.0.4,123,123,udp,NaN,0.001981019973754883,120,120,0,1,1
475,1588207500.042548,10.0.1.4,10.0.1.6,60879,55121,tcp,NaN,NaN,NaN,NaN,0,1,0
476,1588207485.002054,10.0.1.4,10.0.1.6,60878,135,tcp,dce_rpc,21.009445905685425,328,280,0,6,3
477,1588207222.417684,10.0.1.4,10.0.1.6,60853,445,tcp,gssapi,294.32041788101196,193919,30831,0,107,100
478,1588207482.662991,10.0.1.6,10.0.1.255,138,138,udp,NaN,NaN,NaN,NaN,0,1,0
